Tool:,Primary Drying Calculator
Kv known?:,Y
Rp known?:,Y
Variable Pch?:,N
Variable Tsh?:,N
""
Vial area [cm^2],3.8
Product area [cm^2],3.14
Vial fill volume [mL],2.0
""
Fractional solute concentration:,5.0
R0 [cm^2-hr-Torr/g]:,1.4
A1 [cm-hr-Torr/g]:,16.0
A2 [1/cm]:,0.0
Critical product temperature [C]:,-5.0
""
KC [cal/s/K/cm^2]:,0.000275
KP [cal/s/K/cm^2/Torr]:,0.000893
KD [1/Torr]:,0.46
""
Chamber pressure setpoint [Torr]:,0.15,Duration [min]:,1800.0
Chamber pressure ramping rate [Torr/min]:,0.5
""
Shelf temperature setpoint [C]:,20.0,Duration [min]:,1800.0
Shelf temperature ramping rate [C/min]:,1.0
""
Time step [hr]:,0.001
""
Equipment capability parameters:,a [kg/hr]:,-0.182,b [kg/hr/Torr]:,11.7
Number of vials:,398.0
